rank,noncompliance_ha
1,8262.4
2,7779.1
3,7317.3
4,4481.4
5,3881.3
6,3834.7
7,3724.0
8,3714.1
9,3616.6
10,3505.8
11,3464.6
12,3386.4
13,3350.2
14,3341.0
15,2922.5
16,2762.7
17,2647.0
18,2622.2
19,2539.4
20,2533.3
21,2485.5
22,2394.4
23,2340.0
24,2271.1
25,2261.4
26,2213.8
27,2113.2
28,2099.6
29,1930.0
30,1753.2
31,1703.8
32,1590.3
33,1526.7
34,1497.1
35,1456.1
36,1444.0
37,1389.7
38,1388.8
39,1356.1
40,1342.4
41,1337.3
42,1331.2
43,1296.0
44,1252.5
45,1192.0
46,1178.0
47,1158.8
48,1146.0
49,1126.4
50,1118.8
51,1094.4
52,1074.7
53,1068.3
54,1067.1
55,1008.0
56,979.5
57,894.3
58,800.7
59,783.0
60,765.4
61,747.7
62,730.0
63,712.3
64,694.7
65,677.0
66,659.3
67,641.6
68,624.0
69,606.3
70,590.9
71,546.9
72,546.3
73,546.1
74,544.0
75,543.6
76,540.5
77,538.9
78,535.0
79,512.9
80,506.7
81,491.2
82,483.6
83,473.6
84,466.1
85,419.3
86,405.8
87,396.2
88,381.5
89,379.7
90,378.9
91,351.2
92,342.9
93,327.2
94,324.8
95,324.6
96,311.8
97,309.2
98,306.8
99,304.1
100,292.7
101,288.7
102,285.1
103,280.0
104,276.5
105,272.2
106,270.7
107,262.0
108,255.3
109,253.7
110,252.6
111,252.6
112,252.6
113,243.2
114,240.7
115,240.6
116,237.9
117,233.8
118,226.0
119,224.7
120,219.1
121,217.5
122,216.9
123,212.2
124,203.7
125,203.3
126,201.4
127,200.7
128,199.4
129,195.3
130,192.4
131,188.9
132,187.7
133,181.5
134,180.5
135,180.5
136,180.4
137,169.8
138,169.2
139,166.9
140,166.4
141,165.6
142,164.9
143,164.2
144,162.4
145,162.4
146,157.4
147,152.4
148,147.7
149,144.4
150,144.4
151,144.4
152,144.4
153,144.4
154,144.4
155,144.4
156,132.1
157,131.6
158,130.5
159,130.4
160,129.5
161,129.3
162,129.0
163,128.7
164,128.3
165,128.3
166,128.1
167,127.2
168,127.2
169,126.9
170,126.3
171,126.3
172,126.3
173,126.3
174,126.3
175,126.3
176,126.3
177,126.3
178,124.5
179,114.2
180,114.0
181,113.1
182,112.0
183,111.5
184,110.1
185,110.0
186,109.4
187,109.4
188,109.0
189,108.9
190,108.8
191,108.3
192,100.4
193,98.6
194,97.8
195,97.0
196,96.9
197,96.3
198,94.5
199,93.4
200,93.1
201,91.4
202,91.2
203,90.9
204,90.8
205,90.8
206,90.2
207,90.2
208,90.2
209,90.2
210,90.2
211,90.2
212,90.2
213,90.2
214,90.2
215,90.2
216,89.2
217,85.5
218,80.2
219,79.4
220,79.4
221,79.3
222,79.1
223,78.8
224,78.4
225,78.2
226,78.1
227,78.1
228,76.9
229,76.6
230,76.1
231,75.6
232,75.3
233,75.3
234,75.3
235,75.1
236,75.0
237,74.9
238,74.8
239,74.7
240,74.7
241,74.6
242,74.6
243,74.6
244,74.6
245,74.4
246,73.2
247,73.1
248,72.9
249,72.7
250,72.2
251,72.2
252,72.2
253,72.2
254,72.2
255,72.2
256,72.2
257,72.2
258,72.2
259,72.2
260,72.2
261,72.2
262,72.2
263,72.2
264,72.2
265,72.2
266,72.2
267,72.2
268,72.2
269,71.9
270,71.6
271,71.0
272,70.1
273,68.1
274,67.9
275,67.3
276,66.5
277,64.8
278,64.0
279,63.6
280,63.0
281,62.7
282,62.7
283,62.6
284,62.5
285,62.2
286,62.1
287,61.4
288,61.4
289,61.3
290,61.2
291,60.9
292,59.6
293,59.2
294,58.8
295,58.8
296,58.6
297,58.0
298,57.4
299,57.3
300,57.1
301,57.0
302,56.4
303,56.3
304,55.9
305,55.8
306,55.8
307,55.7
308,54.7
309,54.4
310,54.1
311,54.1
312,54.1
313,54.1
314,54.1
315,54.1
316,54.1
317,54.1
318,54.1
319,54.1
320,54.1
321,54.1
322,54.1
323,54.1
324,54.1
325,54.1
326,54.1
327,54.1
328,54.1
329,54.1
330,54.1
331,54.1
332,54.1
333,54.1
334,54.1
335,54.1
336,54.1
337,54.1
338,54.1
339,54.1
340,54.1
341,54.1
342,54.1
343,54.1
344,54.1
345,54.1
346,54.1
347,54.1
348,54.1
349,54.1
350,54.1
351,54.1
352,54.1
353,54.1
354,54.1
355,54.1
356,54.1
357,54.1
358,54.1
359,54.1
360,54.1
361,54.1
362,54.1
363,54.1
364,54.1
365,54.1
366,54.1
367,54.1
368,46.4
369,40.6
370,39.8
371,39.6
372,39.3
373,39.2
374,39.2
375,39.2
376,39.2
377,39.2
378,39.2
379,39.2
380,39.0
381,38.9
382,38.7
383,38.6
384,38.5
385,38.5
386,38.5
387,38.4
388,38.2
389,38.2
390,38.1
391,37.9
392,37.4
393,37.4
394,37.4
395,37.4
396,37.4
397,36.8
398,36.1
399,36.1
400,36.1
401,36.1
402,36.1
403,36.1
404,36.1
405,36.1
406,36.1
407,36.1
408,36.1
409,36.1
410,36.1
411,36.1
412,35.9
413,35.6
414,35.6
415,35.4
416,34.8
417,34.5
418,34.4
419,34.2
420,33.2
421,32.6
422,32.3
423,32.2
424,31.8
425,31.6
426,30.5
427,30.5
428,30.4
429,30.0
430,29.9
431,29.9
432,29.5
433,29.2
434,28.1
435,27.9
436,27.9
437,27.4
438,26.8
439,26.5
440,26.5
441,26.5
442,26.4
443,26.4
444,26.4
445,26.2
446,26.1
447,26.1
448,26.1
449,26.0
450,26.0
451,25.9
452,25.9
453,25.9
454,25.9
455,25.8
456,25.8
457,25.7
458,25.6
459,25.4
460,25.4
461,25.3
462,25.2
463,25.1
464,25.0
465,24.9
466,24.7
467,24.7
468,24.6
469,24.6
470,24.4
471,24.2
472,24.1
473,23.9
474,23.9
475,23.8
476,23.3
477,23.3
478,23.3
479,23.2
480,23.0
481,23.0
482,23.0
483,22.9
484,22.8
485,22.8
486,22.8
487,22.8
488,22.8
489,22.7
490,22.7
491,22.6
492,22.6
493,22.4
494,22.3
495,22.1
496,22.1
497,21.9
498,21.6
499,21.6
500,21.6
501,21.6
502,21.6
503,21.6
504,21.6
505,21.6
506,21.5
507,21.3
508,21.3
509,21.2
510,21.2
511,21.1
512,21.0
513,21.0
514,21.0
515,20.9
516,20.9
517,20.9
518,20.8
519,20.8
520,20.8
521,20.8
522,20.8
523,20.8
524,20.7
525,20.7
526,20.6
527,20.6
528,20.5
529,20.5
530,20.4
531,20.4
532,20.4
533,20.3
534,20.3
535,19.9
536,19.9
537,19.9
538,19.9
539,19.9
540,19.9
541,19.8
542,19.8
543,19.7
544,19.7
545,19.2
546,18.7
547,18.7
548,18.1
549,18.0
550,18.0
551,18.0
552,18.0
553,18.0
554,18.0
555,18.0
556,18.0
557,18.0
558,18.0
559,18.0
560,18.0
561,18.0
562,18.0
563,18.0
564,18.0
565,18.0
566,18.0
567,18.0
568,18.0
569,18.0
570,18.0
571,18.0
572,18.0
573,18.0
574,18.0
575,18.0
576,18.0
577,18.0
578,18.0
579,18.0
580,18.0
581,18.0
582,18.0
583,18.0
584,18.0
585,18.0
586,18.0
587,18.0
588,18.0
589,18.0
590,18.0
591,18.0
592,18.0
593,18.0
594,18.0
595,18.0
596,18.0
597,18.0
598,18.0
599,18.0
600,18.0
601,18.0
602,18.0
603,18.0
604,18.0
605,18.0
606,18.0
607,18.0
608,18.0
609,18.0
610,18.0
611,18.0
612,18.0
613,18.0
614,18.0
615,18.0
616,18.0
617,18.0
618,18.0
619,18.0
620,18.0
621,18.0
622,18.0
623,18.0
624,18.0
625,18.0
626,18.0
627,18.0
628,18.0
629,18.0
630,18.0
631,17.2
632,17.2
633,16.7
634,16.7
635,16.3
636,14.9
637,14.6
638,14.5
639,14.4
640,14.2
641,13.7
642,13.2
643,13.1
644,12.8
645,12.4
646,12.4
647,11.8
648,11.3
649,10.4
650,10.2
651,8.9
652,8.8
653,8.7
654,8.6
655,8.6
656,8.5
657,8.5
658,8.4
659,8.4
660,8.4
661,8.3
662,8.3
663,8.3
664,8.3
665,8.3
666,8.3
667,8.3
668,8.2
669,8.2
670,8.2
671,8.1
672,8.1
673,8.1
674,8.0
675,7.9
676,7.7
677,7.6
678,7.6
679,7.5
680,7.5
681,7.5
682,7.4
683,7.3
684,7.1
685,7.0
686,7.0
687,6.7
688,6.5
689,4.8
690,3.0
691,3.0
692,3.0
693,3.0
694,3.0
695,3.0
696,3.0
697,3.0
698,3.0
699,3.0
700,3.0
701,3.0
702,3.0
703,3.0
704,2.9
705,2.9
706,2.9
707,2.9
708,2.9
709,2.9
710,2.9
711,2.9
712,2.8
713,2.8
714,2.6
715,2.6
716,2.6
717,2.6
718,2.6
719,2.6
720,2.6
721,2.6
722,2.6
723,2.6
724,2.6
725,2.6
726,2.6
727,2.6
728,2.5
729,2.5
730,2.5
731,2.5
732,2.5
733,2.5
734,2.5
735,2.5
736,2.5
737,2.5
738,2.5
739,2.5
740,2.5
741,2.5
742,2.5
743,2.5
744,2.4
745,2.4
746,2.4
747,2.4
748,2.4
749,2.4
750,2.4
751,2.4
752,2.4
753,2.4
754,2.4
755,2.4
756,2.4
757,2.4
758,2.4
759,2.4
760,2.4
761,2.4
762,2.4
763,2.4
764,2.4
765,2.4
766,2.4
767,2.4
768,2.4
769,2.4
770,2.4
771,2.4
772,2.4
773,2.4
774,2.4
775,2.4
776,2.4
777,2.4
778,2.4
779,2.4
780,2.4
781,2.4
782,2.4
783,2.4
784,2.4
785,2.4
786,2.4
787,2.4
788,2.4
789,2.4
790,2.4
791,2.4
792,2.4
793,2.4
794,2.4
795,2.4
796,2.4
797,2.4
798,2.4
799,2.4
800,2.4
801,2.4
802,2.4
803,2.4
804,2.4
805,2.4
806,2.4
807,2.4
808,2.4
809,2.4
810,2.4
811,2.4
812,2.4
813,2.4
814,2.4
815,2.4
816,2.4
817,2.4
818,2.4
819,2.4
820,2.4
821,2.4
822,2.4
823,2.4
824,2.4
825,2.4
826,2.4
827,2.4
828,2.4
829,2.4
830,2.4
831,2.4
832,2.4
833,2.4
834,2.4
835,2.4
836,2.4
837,2.4
838,2.4
839,2.4
840,2.4
841,2.4
842,2.4
843,2.4
844,2.4
845,2.4
846,2.4
847,2.4
848,2.4
849,2.4
850,2.4
851,2.4
852,2.4
853,2.4
854,2.4
855,2.4
856,2.4
857,2.4
858,2.4
859,2.4
860,2.4
861,2.4
862,2.4
863,2.4
864,2.4
865,2.4
866,2.4
867,2.4
868,2.4
869,2.4
870,2.4
871,2.4
872,2.4
873,2.4
874,2.4
875,2.4
876,2.4
877,2.4
878,2.4
879,2.4
880,2.4
881,2.4
882,2.4
883,2.4
884,2.4
885,2.4
886,2.4
887,2.3
888,2.3
889,2.3
890,2.3
891,2.2
892,2.2
893,2.2
894,2.2
895,2.2
896,2.2
897,2.2
898,2.2
899,2.2
900,2.2
901,2.2
902,2.2
903,2.2
904,2.2
905,2.2
906,2.2
907,2.2
908,2.2
909,2.2
910,2.2
911,2.2
912,2.2
913,2.2
914,2.2
915,2.2
916,2.2
917,2.2
918,2.2
919,2.2
920,2.2
921,2.2
922,2.2
923,2.2
924,2.2
925,2.2
926,2.2
927,2.2
928,2.2
929,2.2
930,2.2
931,2.2
932,2.2
933,2.2
934,2.2
935,2.2
936,2.2
937,2.2
938,2.2
939,2.2
940,2.2
941,2.2
942,2.2
943,2.2
944,2.2
945,2.2
946,2.1
947,2.1
948,2.1
949,2.1
950,2.1
951,2.1
952,2.1
953,2.1
954,2.1
955,2.1
956,2.1
957,2.1
958,2.1
959,2.1
960,2.1
961,2.1
962,2.1
963,2.1
964,2.1
965,2.1
966,2.1
967,2.1
968,2.0
969,2.0
970,2.0
971,2.0
972,2.0
973,2.0
974,2.0
975,2.0
976,2.0
977,1.9
978,1.9
979,1.9
980,1.9
981,1.9
982,1.9
983,1.9
984,1.9
985,1.9
986,1.9
987,1.9
988,1.9
989,1.9
990,1.9
991,1.9
992,1.9
993,1.9
994,1.9
995,1.9
996,1.9
997,1.9
998,1.9
999,1.9
1000,1.9
1001,1.9
1002,1.9
1003,1.9
1004,1.9
1005,1.9
1006,1.9
1007,1.9
1008,1.9
1009,1.9
1010,1.9
1011,1.9
1012,1.9
1013,1.9
1014,1.9
1015,1.9
1016,1.9
1017,1.7
1018,1.7
1019,1.7
1020,1.7
1021,1.7
1022,1.7
1023,1.7
1024,1.6
1025,1.6
1026,1.6
1027,1.6
1028,1.6
1029,1.6
1030,1.6
1031,1.6
1032,1.6
1033,1.6
1034,1.6
1035,1.6
1036,1.6
1037,1.6
1038,1.6
1039,1.6
1040,1.6
1041,1.6
1042,1.6
1043,1.6
1044,1.6
1045,1.6
1046,1.6
1047,1.6
1048,1.6
1049,1.6
1050,1.6
1051,1.6
1052,1.6
1053,1.6
1054,1.6
1055,1.6
1056,1.6
1057,1.6
1058,1.6
1059,1.6
1060,1.6
1061,1.6
1062,1.6
1063,1.6
1064,1.6
1065,1.6
1066,1.6
1067,1.5
1068,1.5
1069,1.5
1070,1.5
1071,1.5
1072,1.5
1073,1.5
1074,1.5
1075,1.5
1076,1.3
1077,1.3
1078,1.3
1079,1.3
1080,1.3
1081,1.3
1082,1.3
1083,1.2
1084,1.2
1085,1.2
1086,1.2
1087,1.2
1088,1.2
1089,1.2
1090,1.2
1091,1.2
1092,1.2
1093,1.2
1094,1.2
1095,1.2
1096,1.2
1097,1.2
1098,1.2
1099,1.2
1100,1.0
1101,0.8
1102,0.0
1103,0.0
1104,0.0
1105,0.0
1106,0.0
1107,0.0
1108,0.0
1109,0.0
1110,0.0
1111,0.0
1112,0.0
1113,0.0
1114,0.0
1115,0.0
1116,0.0
1117,0.0
1118,0.0
1119,0.0
1120,0.0
1121,0.0
1122,0.0
1123,0.0
1124,0.0
1125,0.0
1126,0.0
1127,0.0
1128,0.0
1129,0.0
1130,0.0
1131,0.0
1132,0.0
1133,0.0
1134,0.0
1135,0.0
1136,0.0
1137,0.0
1138,0.0
1139,0.0
1140,0.0
1141,0.0
1142,0.0
1143,0.0
1144,0.0
1145,0.0
1146,0.0
1147,0.0
1148,0.0
1149,0.0
1150,0.0
1151,0.0
1152,0.0
1153,0.0
1154,0.0
1155,0.0
1156,0.0
1157,0.0
1158,0.0
1159,0.0
1160,0.0
1161,0.0
1162,0.0
1163,0.0
1164,0.0
1165,0.0
1166,0.0
1167,0.0
1168,0.0
1169,0.0
1170,0.0
1171,0.0
1172,0.0
1173,0.0
1174,0.0
1175,0.0
1176,0.0
1177,0.0
1178,0.0
1179,0.0
1180,0.0
1181,0.0
1182,0.0
1183,0.0
1184,0.0
1185,0.0
1186,0.0
1187,0.0
1188,0.0
1189,0.0
1190,0.0
1191,0.0
1192,0.0
1193,0.0
1194,0.0
1195,0.0
1196,0.0
1197,0.0
1198,0.0
1199,0.0
1200,0.0
1201,0.0
1202,0.0
1203,0.0
1204,0.0
1205,0.0
1206,0.0
1207,0.0
1208,0.0
1209,0.0
1210,0.0
1211,0.0
1212,0.0
1213,0.0
1214,0.0
1215,0.0
1216,0.0
1217,0.0
1218,0.0
1219,0.0
1220,0.0
1221,0.0
1222,0.0
1223,0.0
1224,0.0
1225,0.0
1226,0.0
1227,0.0
1228,0.0
1229,0.0
1230,0.0
1231,0.0
1232,0.0
1233,0.0
1234,0.0
1235,0.0
1236,0.0
1237,0.0
1238,0.0
1239,0.0
1240,0.0
1241,0.0
1242,0.0
1243,0.0
1244,0.0
1245,0.0
1246,0.0
1247,0.0
1248,0.0
1249,0.0
1250,0.0
1251,0.0
1252,0.0
1253,0.0
1254,0.0
1255,0.0
1256,0.0
1257,0.0
1258,0.0
1259,0.0
1260,0.0
1261,0.0
1262,0.0
1263,0.0
1264,0.0
1265,0.0
1266,0.0
1267,0.0
1268,0.0
1269,0.0
1270,0.0
1271,0.0
1272,0.0
1273,0.0
1274,0.0
1275,0.0
1276,0.0
1277,0.0
1278,0.0
1279,0.0
1280,0.0
1281,0.0
1282,0.0
1283,0.0
1284,0.0
1285,0.0
1286,0.0
1287,0.0
1288,0.0
1289,0.0
1290,0.0
